{
  "uuid": "4ff6923a7dcceb5a100b25211206fd89",
  "name": "热血高校",
  "icon": "BACK_GROUND_ICON",
  "version": "1.0.0",
  "watchface": "true",
  "resources": [
      {
        "type": "bmp",
        "name": "BACK_GROUND_ICON",
        "file": "bg.bmp"
      },
      {
        "type": "bmp",
        "name": "WHITE_BG_BMP",
        "file": "white.bmp"
      },
      {
        "type": "bmp",
        "name": "BLACK_BG_BMP",
        "file": "black.bmp"
      },
      {
        "type": "bmp",
        "name": "KICK_ICON",
        "file": "kick.bmp"
      },
      {
        "type": "bmp",
        "name": "BATTEARY_10_ICON",
        "file": "10.bmp"
      },
      {
        "type": "bmp",
        "name": "BATTEARY_20_ICON",
        "file": "20.bmp"
      },
      {
        "type": "bmp",
        "name": "BATTEARY_40_ICON",
        "file": "40.bmp"
      },
      {
        "type": "bmp",
        "name": "BATTEARY_60_ICON",
        "file": "60.bmp"
      },
      {
        "type": "bmp",
        "name": "BATTEARY_80_ICON",
        "file": "80.bmp"
      },
      {
        "type": "bmp",
        "name": "BATTEARY_100_ICON",
        "file": "full.bmp"
      }, 
      {
        "type": "bmp",
        "name": "NUMBER_0_BMP",
        "file": "0.bmp"
      },
      {
        "type": "bmp",
        "name": "NUMBER_1_BMP",
        "file": "1.bmp"
      },
      {
        "type": "bmp",
        "name": "NUMBER_2_BMP",
        "file": "2.bmp"
      },
      {
        "type": "bmp",
        "name": "NUMBER_3_BMP",
        "file": "3.bmp"
      },
      {
        "type": "bmp",
        "name": "NUMBER_4_BMP",
        "file": "4.bmp"
      },
      {
        "type": "bmp",
        "name": "NUMBER_5_BMP",
        "file": "5.bmp"
      },
      {
        "type": "bmp",
        "name": "NUMBER_6_BMP",
        "file": "6.bmp"
      },
      {
        "type": "bmp",
        "name": "NUMBER_7_BMP",
        "file": "7.bmp"
      },
      {
        "type": "bmp",
        "name": "NUMBER_8_BMP",
        "file": "8.bmp"
      },
      {
        "type": "bmp",
        "name": "NUMBER_9_BMP",
        "file": "9.bmp"
      }
      ]
      }
