{
  "uuid": "232b37c68ad895534d1ddbd778cb5f13",
  "name": "Pong",
  "icon": "RES_BITMAP_WATCHFACE_ICON_MENU_PING",
  "version": "1.0.5",
  "watchface": "false",
  "resources": [
	{
        "type": "bmp",
        "name": "RES_BITMAP_WATCHFACE_ICON_MENU_PING",
        "file": "icon-menu-ping.bmp"
      },
	  {
        "type": "bmp",
        "name": "RES_BITMAP_WATCHFACE_START",
        "file": "start.bmp"
      },
      {
        "type": "bmp",
        "name": "RES_BITMAP_WATCHFACE_BG",
        "file": "bg.bmp"
      },
	        
	  {
        "type": "bmp",
        "name": "RES_BITMAP_WATCHFACE_NUMBER_0",
        "file": "0.bmp"
      },
	  
	  {
        "type": "bmp",
        "name": "RES_BITMAP_WATCHFACE_NUMBER_1",
        "file": "1.bmp"
      },
	  	  
	  {
        "type": "bmp",
        "name": "RES_BITMAP_WATCHFACE_NUMBER_2",
        "file": "2.bmp"
      },
	  	  
	  {
        "type": "bmp",
        "name": "RES_BITMAP_WATCHFACE_NUMBER_3",
        "file": "3.bmp"
      },
	  	  
	  {
        "type": "bmp",
        "name": "RES_BITMAP_WATCHFACE_NUMBER_4",
        "file": "4.bmp"
      },
	  	  
	  {
        "type": "bmp",
        "name": "RES_BITMAP_WATCHFACE_NUMBER_5",
        "file": "5.bmp"
      },
	  	  
	  {
        "type": "bmp",
        "name": "RES_BITMAP_WATCHFACE_NUMBER_6",
        "file": "6.bmp"
      },
	  	  
	  {
        "type": "bmp",
        "name": "RES_BITMAP_WATCHFACE_NUMBER_7",
        "file": "7.bmp"
      },
	  	  
	  {
        "type": "bmp",
        "name": "RES_BITMAP_WATCHFACE_NUMBER_8",
        "file": "8.bmp"
      },
	  	  
	  {
        "type": "bmp",
        "name": "RES_BITMAP_WATCHFACE_NUMBER_9",
        "file": "9.bmp"
      },
  		 	  
	  {
        "type": "bmp",
        "name": "RES_BITMAP_WATCHFACE_BALL",
        "file": "ball.bmp"
      },
	
	  {
        "type": "bmp",
        "name": "RES_BITMAP_WATCHFACE_BOARD",
        "file": "board.bmp"
      }
	  	  
      ]
      }
