{
  "uuid": "22ac21dd583a99a0813c34a652c72e99",
  "name": "新世纪福音战士",
  "icon": "RES_BITMAP_WATCHFACE_WEATHER_BG",
  "version": "1.0.2",
  "watchface": "true",
  "resources": [
      {
        "type": "bmp",
        "name": "RES_BITMAP_WATCHFACE_WEATHER_BG",
        "file": "bg.bmp"
      },
      {
        "type": "bmp",
        "name": "RES_BITMAP_WATCHFACE_NUMBER_BIG_0",
        "file": "big_0.bmp"
      },
	  {
        "type": "bmp",
        "name": "RES_BITMAP_WATCHFACE_NUMBER_BIG_1",
        "file": "big_1.bmp"
      },
	  	  
	  {
        "type": "bmp",
        "name": "RES_BITMAP_WATCHFACE_NUMBER_BIG_2",
        "file": "big_2.bmp"
      },
	  	  
	  {
        "type": "bmp",
        "name": "RES_BITMAP_WATCHFACE_NUMBER_BIG_3",
        "file": "big_3.bmp"
      },
	  	  
	  {
        "type": "bmp",
        "name": "RES_BITMAP_WATCHFACE_NUMBER_BIG_4",
        "file": "big_4.bmp"
      },
	  	  
	  {
        "type": "bmp",
        "name": "RES_BITMAP_WATCHFACE_NUMBER_BIG_5",
        "file": "big_5.bmp"
      },
	  	  
	  {
        "type": "bmp",
        "name": "RES_BITMAP_WATCHFACE_NUMBER_BIG_6",
        "file": "big_6.bmp"
      },
	  	  
	  {
        "type": "bmp",
        "name": "RES_BITMAP_WATCHFACE_NUMBER_BIG_7",
        "file": "big_7.bmp"
      },
	  	  
	  {
        "type": "bmp",
        "name": "RES_BITMAP_WATCHFACE_NUMBER_BIG_8",
        "file": "big_8.bmp"
      },
	  	  
	  {
        "type": "bmp",
        "name": "RES_BITMAP_WATCHFACE_NUMBER_BIG_9",
        "file": "big_9.bmp"
      },
	  {
        "type": "bmp",
        "name": "RES_BITMAP_WATCHFACE_NUMBER_MID_0",
        "file": "mid_0.bmp"
      },
	  {
        "type": "bmp",
        "name": "RES_BITMAP_WATCHFACE_NUMBER_MID_1",
        "file": "mid_1.bmp"
      },
	  	  
	  {
        "type": "bmp",
        "name": "RES_BITMAP_WATCHFACE_NUMBER_MID_2",
        "file": "mid_2.bmp"
      },
	  	  
	  {
        "type": "bmp",
        "name": "RES_BITMAP_WATCHFACE_NUMBER_MID_3",
        "file": "mid_3.bmp"
      },
	  	  
	  {
        "type": "bmp",
        "name": "RES_BITMAP_WATCHFACE_NUMBER_MID_4",
        "file": "mid_4.bmp"
      },
	  	  
	  {
        "type": "bmp",
        "name": "RES_BITMAP_WATCHFACE_NUMBER_MID_5",
        "file": "mid_5.bmp"
      },
	  	  
	  {
        "type": "bmp",
        "name": "RES_BITMAP_WATCHFACE_NUMBER_MID_6",
        "file": "mid_6.bmp"
      },
	  	  
	  {
        "type": "bmp",
        "name": "RES_BITMAP_WATCHFACE_NUMBER_MID_7",
        "file": "mid_7.bmp"
      },
	  	  
	  {
        "type": "bmp",
        "name": "RES_BITMAP_WATCHFACE_NUMBER_MID_8",
        "file": "mid_8.bmp"
      },
	  	  
	  {
        "type": "bmp",
        "name": "RES_BITMAP_WATCHFACE_NUMBER_MID_9",
        "file": "mid_9.bmp"
      },
	 	  	  
	  {
        "type": "bmp",
        "name": "RES_BITMAP_WATCHFACE_NUMBER_LIT_0",
        "file": "lit_0.bmp"
      },	
  	  
	  {
        "type": "bmp",
        "name": "RES_BITMAP_WATCHFACE_NUMBER_LIT_1",
        "file": "lit_1.bmp"
      },	
  	  
	  {
        "type": "bmp",
        "name": "RES_BITMAP_WATCHFACE_NUMBER_LIT_2",
        "file": "lit_2.bmp"
      },	
  	  
	  {
        "type": "bmp",
        "name": "RES_BITMAP_WATCHFACE_NUMBER_LIT_3",
        "file": "lit_3.bmp"
      },	
  	  
	  {
        "type": "bmp",
        "name": "RES_BITMAP_WATCHFACE_NUMBER_LIT_4",
        "file": "lit_4.bmp"
      },	
  	  
	  {
        "type": "bmp",
        "name": "RES_BITMAP_WATCHFACE_NUMBER_LIT_5",
        "file": "lit_5.bmp"
      },	
  	  
	  {
        "type": "bmp",
        "name": "RES_BITMAP_WATCHFACE_NUMBER_LIT_6",
        "file": "lit_6.bmp"
      },	
  	  
	  {
        "type": "bmp",
        "name": "RES_BITMAP_WATCHFACE_NUMBER_LIT_7",
        "file": "lit_7.bmp"
      },	
  	  
	  {
        "type": "bmp",
        "name": "RES_BITMAP_WATCHFACE_NUMBER_LIT_8",
        "file": "lit_8.bmp"
      },	
  	  
	  {
        "type": "bmp",
        "name": "RES_BITMAP_WATCHFACE_NUMBER_LIT_9",
        "file": "lit_9.bmp"
      },	
  		 	  
	  {
        "type": "bmp",
        "name": "RES_BITMAP_WATCHFACE_NUMBER_FU_HAO",
        "file": "fu_hao.bmp"
      },
	
	  {
        "type": "bmp",
        "name": "RES_BITMAP_WATCHFACE_WEEK_MON",
        "file": "MON.bmp"
      },
	{
        "type": "bmp",
        "name": "RES_BITMAP_WATCHFACE_WEEK_TUE",
        "file": "TUE.bmp"
      },
	{
        "type": "bmp",
        "name": "RES_BITMAP_WATCHFACE_WEEK_THU",
        "file": "THU.bmp"
      },
	{
        "type": "bmp",
        "name": "RES_BITMAP_WATCHFACE_WEEK_WED",
        "file": "WED.bmp"
      },
	{
        "type": "bmp",
        "name": "RES_BITMAP_WATCHFACE_WEEK_FRI",
        "file": "FRI.bmp"
      },
	 {
        "type": "bmp",
        "name": "RES_BITMAP_WATCHFACE_WEEK_SAT",
        "file": "SAT.bmp"
      },	
	 {
        "type": "bmp",
        "name": "RES_BITMAP_WATCHFACE_WEEK_SUN",
        "file": "SUN.bmp"
      },	  
  	  
	  {
        "type": "bmp",
        "name": "RES_BITMAP_WATCHFACE_NUMBER_FU_HAO",
        "file": "fu_hao.bmp"
      }
	  	  
      ]
      }
