{
  "uuid": "5554f8763291335edb557d364e5e1436",
  "name": "缤纷多显",
  "icon": "RES_BITMAP_WATCHFACE_WEATHER_BG",
  "version": "1.0.1",
  "watchface": "true",
  "resources": [
        {
        "type": "bmp",
        "name": "RES_BITMAP_WATCHFACE_WEATHER_BG",
        "file": "bg.bmp"
      },
      
	  {
        "type": "bmp",
        "name": "RES_BITMAP_WATCHFACE_WEATHER_REFRESHING",
        "file": "refreshing.bmp"
      },
      
      {
        "type": "bmp",
        "name": "RES_BITMAP_WATCHFACE_WEATHER_CLOUDY",
        "file": "cloudy.bmp"
      },
            
      {
        "type": "bmp",
        "name": "RES_BITMAP_WATCHFACE_WEATHER_FOG",
        "file": "fog.bmp"
      },
      
      {
        "type": "bmp",
        "name": "RES_BITMAP_WATCHFACE_WEATHER_OVERCAST",
        "file": "overcast.bmp"
      },
      {
        "type": "bmp",
        "name": "RES_BITMAP_WATCHFACE_WEATHER_RAIN",
        "file": "rain.bmp"
      },
      
      {
        "type": "bmp",
        "name": "RES_BITMAP_WATCHFACE_WEATHER_SNOW",
        "file": "snow.bmp"
      },
      
      {
        "type": "bmp",
        "name": "RES_BITMAP_WATCHFACE_WEATHER_SUNNY",
        "file": "sunny.bmp"
      },
	  
	   {
        "type": "bmp",
        "name": "RES_BITMAP_WATCHFACE_WEATHER_DU_HAO",
        "file": "du.bmp"
      }     
      
      
      ]
      }
