{
  "uuid": "df625dcf685982086f9eda279e03ac43",
  "name": "深圳百公里",
  "icon": "PIC_BG",
  "version": "1.0.0",
  "watchface": "true",
  "resources": [
      {
        "type": "bmp",
        "name": "PIC_BG",
        "file": "bg.bmp"
      },
	  {
        "type": "bmp",
        "name": "PIC_0_1",
        "file": "0_1.bmp"
      },
	  {
        "type": "bmp",
        "name": "PIC_1_1",
        "file": "1_1.bmp"
      },
	  {
        "type": "bmp",
        "name": "PIC_2_1",
        "file": "2_1.bmp"
      },
	  {
        "type": "bmp",
        "name": "PIC_3_1",
        "file": "3_1.bmp"
      },
	  {
        "type": "bmp",
        "name": "PIC_4_1",
        "file": "4_1.bmp"
      },
	  {
        "type": "bmp",
        "name": "PIC_5_1",
        "file": "5_1.bmp"
      },
	  {
        "type": "bmp",
        "name": "PIC_6_1",
        "file": "6_1.bmp"
      },
	  {
        "type": "bmp",
        "name": "PIC_7_1",
        "file": "7_1.bmp"
      },
	  {
        "type": "bmp",
        "name": "PIC_8_1",
        "file": "8_1.bmp"
      },
	  {
        "type": "bmp",
        "name": "PIC_9_1",
        "file": "9_1.bmp"
      },
	  {
        "type": "bmp",
        "name": "PIC_10_1",
        "file": "10_1.bmp"
      },
	  {
        "type": "bmp",
        "name": "PIC_0_2",
        "file": "0_2.bmp"
      },
	  {
        "type": "bmp",
        "name": "PIC_1_2",
        "file": "1_2.bmp"
      },
	  {
        "type": "bmp",
        "name": "PIC_2_2",
        "file": "2_2.bmp"
      },
	  {
        "type": "bmp",
        "name": "PIC_3_2",
        "file": "3_2.bmp"
      },
	  {
        "type": "bmp",
        "name": "PIC_4_2",
        "file": "4_2.bmp"
      },
	  {
        "type": "bmp",
        "name": "PIC_5_2",
        "file": "5_2.bmp"
      },
	  {
        "type": "bmp",
        "name": "PIC_6_2",
        "file": "6_2.bmp"
      },
	  {
        "type": "bmp",
        "name": "PIC_7_2",
        "file": "7_2.bmp"
      },
	  {
        "type": "bmp",
        "name": "PIC_8_2",
        "file": "8_2.bmp"
      },
	  {
        "type": "bmp",
        "name": "PIC_9_2",
        "file": "9_2.bmp"
      },
	  {
        "type": "bmp",
        "name": "PIC_10_2",
        "file": "10_2.bmp"
      }
      ]
}
